Threat Rank,Player,Team,Faction,Force Disposition,Elo,Global Elo Rank,Wins,Losses,Draws,Games,Win %,Confidence,Country,Most Recent Event,Club (as listed),Elo Name Matches,Comments
1,Christopher Langton,Carnage,Chaos Daemons,Reconnaissance,1996,16,119,33,1,153,78.1%,High,England,THE LEEDS 40K SUPER MAJOR,Mind Goblins,1,HIGHEST-RATED PLAYER IN THE FIELD. Global Elo rank 16. GUEST - his club is listed as Mind Goblins but he is playing for Carnage. Elite win rate: 78.1% over 153 games.
2,Scott Morris,Carnage,Necrons,Purge the Foe,1921,40,117,45,1,163,72.1%,High,England,The North East Open 2026,Carnage,1,"Carnage captain. Global Elo rank 40. Carnage won the Summer ITT in the 2024/25 season, so he is defending a title."
3,Toby Bennett,Sofa Meta is Bad at Stuff,Chaos Daemons,Reconnaissance,1896,54,98,31,1,130,75.8%,High,England,THE BIRMINGHAM 40K SUPER MAJOR,Black Crow Gaming,1,"Global Elo rank 54. GUEST - club is Black Crow Gaming, whose Crow Team Six squad is national #5, but he is playing for Sofa Meta is Bad at Stuff. Elite win rate: 75.8% over 130 games."
4,Ben Jones,Vanguard Tactics,Orks,Take and Hold,1875,68,236,61,0,297,79.5%,High,England,THE BIRMINGHAM 40K SUPER MAJOR,Vanguard Tactics,2,Global Elo rank 68 off 297 games - one of the highest-volume players here. CAUTION: name collides with another Ben Jones in the Elo database. Elite win rate: 79.5% over 297 games.
5,Kyle Grundy,Mind Goblins,T'au Empire,Priority Assets,1874,70,234,71,5,310,76.3%,High,England,THE LEEDS 40K SUPER MAJOR,Mind Goblins,1,Global Elo rank 70 off 310 games - the highest game count of anyone in the field. Elite win rate: 76.3% over 310 games.
6,Rory Andrew,Team Stonehammer,Emperor's Children,Priority Assets,1871,76,80,24,0,104,76.9%,High,England,THE BRISTOL 40K SUPER MAJOR,Team Stonehammer,1,"Global Elo rank 76 off only 104 games, at a 76.9% win rate."
7,Ross Tully,Hobby Henchmen I,Imperial Agents,Disruption,1848,91,87,37,1,125,70.0%,High,England,THE BIRMINGHAM 40K SUPER MAJOR,Hobby Henchmen,1,"WON the Beachhead Brawl ITC Super Major 6-0 in Feb 2026. Global Elo rank 91. CLUB DISCREPANCY - he is listed as Hobby Henchmen here, appeared as Vanguard Tactics at Beachhead, and as Pompey Pirates on older records."
8,Nathan Roberts,TFG Gaming,Chaos Space Marines,Purge the Foe,1831,107,109,31,2,142,77.5%,High,England,The NOTTINGHAM 40K SUPER-MAJOR,Stat Check,1,Plays for Stat Check - the outfit that publishes the global Elo ranking system this analysis is built on. Global Elo rank 107. GUEST on TFG Gaming. Elite win rate: 77.5% over 142 games.
9,Stephen Box,Vanguard Tactics,Adeptus Custodes,Purge the Foe,1827,113,177,44,2,223,79.8%,High,England,THE BIRMINGHAM 40K SUPER MAJOR,Vanguard Tactics,1,"Founder of Vanguard Tactics, the UK's largest 40K coaching organisation. On ITC season points he was ranked #1 IN THE WORLD as of Feb 2026 (2nd at Beachhead Super Major, 6-0) and #1 globally for Deathwatch. His 79.8% win rate over 223 games is the best in the field at that volume. IMPORTANT: ITC #1 is not the same as Elo #1 - on Elo he is 113th, because ITC rewards attendance and placings while Elo rewards beating strong opponents and decays with inactivity."
10,Byron Sidhu,Fire and Dice - Targaryen,Chaos Daemons,Purge the Foe,1823,119,131,47,3,181,73.2%,High,England,THE BIRMINGHAM 40K SUPER MAJOR,Fire and Dice,1,"Captain of Fire and Dice - Targaryen, national #2 and 3rd at the Spring ITT. Global Elo rank 119."
11,Will B,TYPHOON,Space Marines (Astartes),Reconnaissance,1816,126,88,37,2,127,70.1%,High,England,THE BRISTOL 40K SUPER MAJOR,Try Hard Wargaming,1,"Global Elo rank 126. GUEST from Try Hard Wargaming (national #29 family) playing for TYPHOON. CAUTION: the surname is abbreviated to a single letter on the roster, so this Elo match is less reliable than most."
12,Craig Bedford,Carnage,Emperor's Children,Priority Assets,1812,131,103,50,5,158,66.8%,High,England,The North East Open 2026,Carnage,1,Global Elo rank 131. Second-strongest of the four rated Carnage players.
13,Samuel Martin,Team Sigil,Adeptus Mechanicus,Priority Assets,1797,172,56,19,4,79,73.4%,High,England,Warhammer 40000 GT: Warhammer Open Maastricht,Team Sigil,1,"Global Elo rank 172. Strongest player on Team Sigil, the national #1 squad and Spring ITT winners."
14,Alex Nicolic,Team Sigil,Death Guard,Disruption,1793,188,43,18,1,62,70.2%,High,England,THE BIRMINGHAM 40K SUPER MAJOR,Head_Hunters,2,"Global Elo rank 188. GUEST - club is Head_Hunters (national #83) playing for Team Sigil, the national #1. Name matches 2 records in the Elo database; the UK record with the most games was used. Verify before relying on it."
15,Aidan Brocklehurst,Mind Gobliins,Adeptus Custodes,Disruption,1774,233,138,46,2,186,74.7%,High,England,Cross-Swords War At The Westward X,Mind Goblins,1,"Captain of Mind Gobliins (national #7, 2nd at Spring ITT). Unbroken ITT record back to early 2024 plus the London GT. UKTC's own event preview named him the squad's 'closer' - the player sent into bad matchups to salvage points. Historically plays Sisters and Astra Militarum; he is on Custodes here, so his record was earned on other armies."
16,Jordan Penning,Tuesday Knights,Grey Knights,Purge the Foe,1765,258,79,40,1,120,66.2%,High,England,THE BRISTOL 40K SUPER MAJOR,Tuesday Knights,1,
17,Rowan Hesse,Polaris,Emperor's Children,Disruption,1764,260,63,20,2,85,75.3%,High,England,THE LEEDS 40K SUPER MAJOR,Polaris,1,Elite win rate: 75.3% over 85 games.
18,Mark Pilkington,DeadRedGaming,Emperor's Children,Priority Assets,1764,261,94,30,1,125,75.6%,High,England,South Yorkshire GT 1 2026,DeadRedGaming,1,Elite win rate: 75.6% over 125 games.
19,Nikhil Talwar,PSSN: Pile of Shame x LWG,Emperor's Children,Disruption,1743,332,66,34,3,103,65.5%,High,England,THE BIRMINGHAM 40K SUPER MAJOR,Team Sigil,1,"GUEST - club is Team Sigil, the national #1 squad, playing for a PSSN squad. Comfortably the strongest player on that team."
20,Dom Ridley,Polaris,Thousand Sons,Reconnaissance,1734,364,45,13,1,59,77.1%,Medium,England,The North East Open 2026,Polaris,1,Elite win rate: 77.1% over 59 games.
21,Thomas Douch,Fire and Dice - Targaryen,Adepta Sororitas,Priority Assets,1734,366,59,21,1,81,73.5%,High,England,BAF 40K GT 26,Fire and Dice,1,
22,Samuel Smith,Fire and Dice - Targaryen,Chaos Space Marines,Reconnaissance,1725,408,76,21,2,99,77.8%,High,England,WG MARCH 2026 GT - Warhammer 40k Tournament 2000 Points,Fire and Dice,3,Name matches 3 records in the Elo database; the UK record with the most games was used. Verify before relying on it. Elite win rate: 77.8% over 99 games.
23,George Leathley,Sanguine Spanners,Emperor's Children,Priority Assets,1720,427,81,38,3,122,67.6%,High,England,THE LEEDS 40K SUPER MAJOR,Sanguine Spanners,1,
24,Ratnu Vaidya,DeadRedGaming,Chaos Knights,Reconnaissance,1718,446,49,11,1,61,81.1%,High,England,Warhammer 40000 - 2025 World Championships of Warhammer,DeadRedGaming,1,Elite win rate: 81.1% over 61 games.
25,Matthew Langton,Carnage,Tyranids,Disruption,1716,454,68,30,4,102,68.6%,High,England,The North East Open 2026,Carnage,1,
26,Kevin Davies,Carnage Behemoth,Necrons,Purge the Foe,1708,503,82,49,1,132,62.5%,High,England,THE BIRMINGHAM 40K SUPER MAJOR,Carnage,1,
27,David Treadgold,Manaforge Games Derby,Necrons,Purge the Foe,1707,508,55,42,1,98,56.6%,High,England,THE BIRMINGHAM 40K SUPER MAJOR,,1,
28,Cayleb Langhals,The Sh[a]meful Suspects - PSSN,Thousand Sons,Priority Assets,1706,513,39,26,1,66,59.8%,High,England,THE BIRMINGHAM 40K SUPER MAJOR,Pile of Shame Support Network,1,"Guest - club is listed as Pile of Shame Support Network, not this team."
29,Vincent Stein,Team Sigil,Orks,Take and Hold,1705,520,62,25,0,87,71.3%,High,England,Warhammer 40000 GT: Warhammer Open Maastricht,Team Sigil,1,
30,Anthony Donaldson,TYPHOON,Emperor's Children,Disruption,1703,539,22,7,2,31,74.2%,Medium,England,Winchester 40K GT - May 2026,Life begins at 40K,1,"Guest - club is listed as Life begins at 40K, not this team."
31,Matt Puffett,Tuesday Wizards,Adepta Sororitas,Take and Hold,1701,550,88,61,3,152,58.9%,High,England,PSSN Presents: Dark Sphere May GT,Team Sigil,1,"GUEST - club is Team Sigil, the national #1 squad, playing for Tuesday Wizards."
32,Joe Senior,Carnage Behemoth,Thousand Sons,Priority Assets,1701,553,96,69,3,168,58.0%,High,England,The North East Open 2026,Carnage,1,
33,martin brown,"Death Korps of Queens Road, Honey Badgers",Orks,Take and Hold,1695,598,63,44,0,107,58.9%,High,England,THE BIRMINGHAM 40K SUPER MAJOR,Death Korps of Queens Road,1,
34,Chris Taylor,Carnage Chaos,Orks,Take and Hold,1694,604,142,74,5,221,65.4%,High,England,THE LEEDS 40K SUPER MAJOR,Carnage,2,Name matches 2 records in the Elo database; the UK record with the most games was used. Verify before relying on it.
35,Chris Cho,Team Sigil,Deathwatch,Purge the Foe,1692,613,47,22,1,70,67.9%,High,England,Dark Sphere February GT,Team Sigil,1,
36,Euan Bedford-Cooper,Fire and Dice - Targaryen,Emperor's Children,Disruption,1692,618,71,16,1,88,81.2%,High,England,Dark Sphere February GT,Fire and Dice,1,Elite win rate: 81.2% over 88 games.
37,Charles Gould,Ballers Brawlers,Dark Angels,Reconnaissance,1688,654,155,94,5,254,62.0%,High,England,THE BIRMINGHAM 40K SUPER MAJOR,Ballers Brawlers,1,
38,Jordan Checkley,Vanguard Tactics,Blood Angels,Priority Assets,1684,682,100,49,4,153,66.7%,High,England,Beachhead Brawl 2026,Vanguard Tactics,1,"GLOBAL #1 RANKED BLOOD ANGELS PLAYER as of Feb 2026, earned at the Beachhead Super Major. He is on Blood Angels here - his signature faction, so expect him at full strength."
39,Luke Cook,Ballers Brawlers,Death Guard,Disruption,1679,729,34,22,0,56,60.7%,Medium,England,The North East Open 2026,Ballers Brawlers,2,Name matches 2 records in the Elo database; the UK record with the most games was used. Verify before relying on it.
40,Sam Fisher,Manaforge Games Derby,Chaos Space Marines,Disruption,1679,730,43,26,0,69,62.3%,High,England,Warhammer 40000 GT: Warhammer Open UK Games Expo Birmingham,Manaforge Games,1,
41,Mathew Putney,Tuesday Knights,Thousand Sons,Disruption,1677,747,80,37,0,117,68.4%,High,England,The NOTTINGHAM 40K SUPER-MAJOR,Tuesday Knights,1,
42,Reiss Jarvis,Sofa Meta,Blood Angels,Priority Assets,1675,768,44,26,1,71,62.7%,High,England,Winchester 40K GT - May 2026,Sofa Meta,1,
43,Callum Byers,Sanguine Spanners,Chaos Knights,Take and Hold,1674,777,67,35,1,103,65.5%,High,England,THE LEEDS 40K SUPER MAJOR,Sanguine Spanners,1,
44,Carl Cooke,Ballers Brawlers,T'au Empire,Purge the Foe,1674,779,51,31,0,82,62.2%,High,England,THE LEEDS 40K SUPER MAJOR,Ballers Brawlers,1,
45,Stephen Platten,DeadRedGaming,Adeptus Mechanicus,Purge the Foe,1669,813,86,30,0,116,74.1%,High,England,South Yorkshire GT 2,DeadRedGaming,1,
46,Ryan Rees,Shadowkeepers :: The Clueless,Drukhari,Reconnaissance,1667,835,38,21,2,61,63.9%,High,England,THE BRISTOL 40K SUPER MAJOR,Shadowkeepers,1,
47,Ashley Farn,Trash Wargaming,Dark Angels,Reconnaissance,1666,844,101,90,3,194,52.8%,High,England,IV GT Tormenta de Hostias,Trash Wargaming,1,
48,Jakob Sparrow,Snake Eyes,Grey Knights,Take and Hold,1663,868,25,13,0,38,65.8%,Medium,England,THE BRISTOL 40K SUPER MAJOR,Snake Eyes,1,
49,Aneurin Brewer,PSSN: The Wizards of Odds,Drukhari,Reconnaissance,1661,886,28,16,1,45,63.3%,Medium,England,THE SOUTH-COAST 40k SUPER-MAJOR,Pile of Shame Support Network,1,"Guest - club is listed as Pile of Shame Support Network, not this team."
50,Ross Small,Team Stonehammer,Astra Militarum,Purge the Foe,1660,904,23,8,1,32,73.4%,Medium,England,The 36 Chambers,Team Stonehammer,1,
51,Steve Boothroyd,Flapcats and Flackcannons,Adeptus Mechanicus,Reconnaissance,1659,912,32,15,1,48,67.7%,Medium,England,THE LEEDS 40K SUPER MAJOR,Flatcaps and Flakcannons,1,"Guest - club is listed as Flatcaps and Flakcannons, not this team."
52,Dom Maidlow,Mind Goblins,Adeptus Custodes,Take and Hold,1655,955,87,19,1,107,81.8%,High,England,ALL STARS August - Hellstorm's 40K Tournament Series,Mind Goblins,1,Elite win rate: 81.8% over 107 games.
53,Jack Pugh,TYPHOON,Adeptus Custodes,Take and Hold,1654,957,48,30,0,78,61.5%,High,England,THE BIRMINGHAM 40K SUPER MAJOR,TYPHOON,1,
54,Louis Ballington,Mind Goblins,Dark Angels,Reconnaissance,1648,1048,74,30,2,106,70.8%,High,England,THE COVENTRY 40K : 3-Day,Mind Goblins,1,"Captain of Mind Goblins (national #4, 3rd at the Goonhammer Open UK teams event March 2026). UKTC's preview called him 'The Hammer' - the durable problem-solver pick - on Custodes. He has switched to Dark Angels for this event."
55,Stanley Peddle,TYPHOON,Necrons,Purge the Foe,1647,1076,46,28,2,76,61.8%,High,England,THE SOUTH-COAST 40k SUPER-MAJOR,TYPHOON,1,
56,Anthony Keen,The Sh[a]meful Suspects - PSSN,Orks,Take and Hold,1646,1089,37,31,2,70,54.3%,High,England,THE BIRMINGHAM 40K SUPER MAJOR,Pile of Shame Support Network,1,"Guest - club is listed as Pile of Shame Support Network, not this team."
57,Jacob Whitehouse,Carnage Behemoth,Emperor's Children,Disruption,1645,1100,58,22,2,82,72.0%,High,England,The North East Open 2026,Carnage,1,
58,Matt Pocock,Flapcats and Flackcannons,Chaos Space Marines,Priority Assets,1645,1098,33,19,0,52,63.5%,Medium,England,THE LEEDS 40K SUPER MAJOR,Flatcaps and Flakcannons,1,"Guest - club is listed as Flatcaps and Flakcannons, not this team."
59,Sam Boardman,Vanguard Tactics,Emperor's Children,Reconnaissance,1641,1142,91,56,3,150,61.7%,High,England,THE BIRMINGHAM 40K SUPER MAJOR,Vanguard Tactics,1,
60,Luke Harris,Globo Gym,Emperor's Children,Priority Assets,1639,1179,64,33,3,100,65.5%,High,England,THE BIRMINGHAM 40K SUPER MAJOR,Mind Goblins,1,"Guest - club is listed as Mind Goblins, not this team."
61,Brett Keable,Sofa Meta is Bad at Stuff,Adeptus Mechanicus,Priority Assets,1636,1214,43,20,3,66,67.4%,High,England,Winchester 40K GT - May 2026,,1,
62,Rafael Harbinson,TFG Gaming,Emperor's Children,Priority Assets,1636,1218,85,24,0,109,78.0%,High,England,The London Grand Tournament - 40k Main Event (LGT 40k GT),Warmasters,1,"GUEST from Warmasters, whose A team is national #3, playing for TFG Gaming. Elite win rate: 78.0% over 109 games."
63,James McMurray,Team Stonehammer,Necrons,Disruption,1634,1235,58,45,0,103,56.3%,High,England,THE LEEDS 40K SUPER MAJOR,Team Stonehammer,1,
64,Tymon Jozefowski,Low Rollers,Drukhari,Reconnaissance,1634,1246,16,3,0,19,84.2%,Low,England,THE LEEDS 40K SUPER MAJOR,[L7],1,"Elo rests on only 19 games, so lightly evidenced."
65,Adam Gill,[REDACTED],Aeldari,Take and Hold,1632,1265,54,28,1,83,65.7%,High,England,The NOTTINGHAM 40K SUPER-MAJOR,[Redacted],1,
66,Giulio Sinibaldi,Waaagh Boys,Space Marines (Astartes),Reconnaissance,1630,1284,47,22,3,72,67.4%,High,England,The 2026 Swordwind Winter Grand Tournament,Waaagh Boys,1,
67,Ross James,Krump or Dice Tryin',Aeldari,Reconnaissance,1629,1309,41,24,0,65,63.1%,High,England,THE BRISTOL 40K SUPER MAJOR,Krump or Dice Tryin',1,
68,Jacob Wells,Carnage Chaos,Imperial Agents,Disruption,1628,1313,87,85,2,174,50.6%,High,England,THE LEEDS 40K SUPER MAJOR,Carnage,2,Name matches 2 records in the Elo database; the UK record with the most games was used. Verify before relying on it.
69,Tim Waters,PSSN: The Wizards of Odds,Emperor's Children,Take and Hold,1626,1344,16,8,0,24,66.7%,Medium,England,THE SOUTH-COAST 40k SUPER-MAJOR,Pile of Shame Support Network,1,"Guest - club is listed as Pile of Shame Support Network, not this team."
70,Zan Rashid,Fire and Dice - Tiger's eye,Death Guard,Take and Hold,1626,1345,24,16,0,40,60.0%,Medium,England,THE BIRMINGHAM 40K SUPER MAJOR,Fire and Dice,1,
71,Guy Miscampbell,PSSN: The Wizards of Odds,Deathwatch,Purge the Foe,1625,1359,14,6,0,20,70.0%,Medium,England,THE BRISTOL 40K SUPER MAJOR,Pile of Shame Support Network,1,"Captain of a PSSN squad. On Deathwatch, one of only two Deathwatch players in the entire field. Guest - club is listed as Pile of Shame Support Network, not this team."
72,Jonny Simmons,Mind Gobliins,Adeptus Mechanicus,Priority Assets,1625,1361,68,20,2,90,76.7%,High,England,The NOTTINGHAM 40K SUPER-MAJOR,Mind Goblins,1,Elite win rate: 76.7% over 90 games.
73,Joshua Rhodes,Team Stonehammer,T'au Empire,Reconnaissance,1625,1365,33,28,1,62,54.0%,High,England,THE LEEDS 40K SUPER MAJOR,Team Stonehammer,1,
74,Edward Hearn,Team Sigil,Emperor's Children,Reconnaissance,1625,1371,41,33,1,75,55.3%,High,England,PSSN Presents: Dark Sphere May GT,Team Sigil,1,
75,Nate Waite,Blackscar Gaming,Adeptus Custodes,Purge the Foe,1624,1383,38,21,2,61,63.9%,High,England,THE BRISTOL 40K SUPER MAJOR,Blackscar Gaming,1,
76,Karl Sumner,Krump or Dice Tryin' B Team,Adeptus Custodes,Reconnaissance,1622,1419,14,6,0,20,70.0%,Medium,England,THE BRISTOL 40K SUPER MAJOR,Krump or Dice Tryin',1,
77,Philip Higgs,"Death Korps of Queens Road, Honey Badgers",Aeldari,Reconnaissance,1616,1514,41,25,2,68,61.8%,High,England,THE LEICESTER 40K SUPER MAJOR,Death Korps of Queens Road,1,
78,George Smith,Sofa Meta,Emperor's Children,Reconnaissance,1616,1513,21,11,0,32,65.6%,Medium,England,Winchester 40K GT - May 2026,Sofa Meta,2,Name matches 2 records in the Elo database; the UK record with the most games was used. Verify before relying on it.
79,Jonny Crabtree,Ballers Brawlers,Thousand Sons,Priority Assets,1615,1532,34,31,0,65,52.3%,High,England,The North East Open 2026,Ballers Brawlers,1,
80,Matt Fearn,Phoenix40k - Heinous Creatures,Tyranids,Reconnaissance,1608,1662,15,9,1,25,62.0%,Medium,England,THE BIRMINGHAM 40K SUPER MAJOR,Gains Workshop,1,"Guest - club is listed as Gains Workshop, not this team."
81,Eliot Osborne,[REDACTED],Grey Knights,Disruption,1608,1678,6,2,0,8,75.0%,Low,England,Warhammer 40000 GT: Warhammer Open UK Games Expo Birmingham,[Redacted],1,"Elo rests on only 8 games, so lightly evidenced."
82,Max DeBarr,Phoenix40k - Heinous Creatures,Space Marines (Astartes),Take and Hold,1607,1695,44,22,1,67,66.4%,High,England,THE BIRMINGHAM 40K SUPER MAJOR,Phoenix40K,1,
83,Jamie Chapman,Mind Goblins,Chaos Space Marines,Purge the Foe,1607,1701,57,31,2,90,64.4%,High,England,THE COVENTRY 40K : 2-Day,Mind Goblins,2,Name matches 2 records in the Elo database; the UK record with the most games was used. Verify before relying on it.
84,James Holland,Polaris killer Bs,Imperial Knights,Take and Hold,1606,1719,25,10,0,35,71.4%,Medium,England,THE LEEDS 40K SUPER MAJOR,Polaris,1,
85,Adam Battle,Flatcaps and flakcannons,Tyranids,Reconnaissance,1606,1731,29,19,0,48,60.4%,Medium,England,THE LEEDS 40K SUPER MAJOR,Flatcaps and Flakcannons,1,
86,Paolo Santarelli,Manaforge Games Derby,Chaos Knights,Reconnaissance,1606,1737,8,1,1,10,85.0%,Low,England,Phoenix 40K Spring GT 2026,Phoenix 40k,1,"Elo rests on only 10 games, so lightly evidenced. Guest - club is listed as Phoenix 40k, not this team."
87,Chris Cuerden,Carnage,Orks,Take and Hold,1604,1763,23,6,1,30,78.3%,Medium,England,The North East Open 2026,Carnage,1,
88,Sir Chargealot,Shadowkeepers :: The Clueless,Blood Angels,Purge the Foe,1602,1810,18,13,2,33,57.6%,Medium,England,THE SOUTH-COAST 40k SUPER-MAJOR,Shadowkeepers,1,
89,James Webster,DeadRedGaming,Thousand Sons,Take and Hold,1601,1829,41,18,1,60,69.2%,High,England,GOLDEN TICKET EVENT Prestige Wargaming Grand Tournament 3 Warhammer 40k,DeadRedGaming,2,Name matches 2 records in the Elo database; the UK record with the most games was used. Verify before relying on it.
90,Sean McQuaid,Tuesday Knights,Genestealer Cult,Reconnaissance,1599,1892,36,35,3,74,50.7%,High,England,PSSN Presents: Dark Sphere March GT,Tuesday Knights,1,
91,James Hobbs,Vanguard Tactics,T'au Empire,Disruption,1597,1951,74,55,1,130,57.3%,High,England,THE BRISTOL 40K SUPER MAJOR,Vanguard Tactics,1,"Appears in a ranked ITC top 20 with T'au Empire, which is what he is playing here. Vanguard Tactics."
92,Oliver Gaisford,Mind Goblins,Emperor's Children,Disruption,1596,1975,28,11,1,40,71.3%,Medium,England,WH40K SWC: Qualifier 4 - June,Mind Goblins,1,
93,Brant Wilson,Trash Wargaming,Genestealer Cult,Disruption,1594,2031,58,42,2,102,57.8%,High,England,THE LEICESTER 40K SUPER MAJOR,Trash Wargaming,1,
94,John Swanston,TYPHOON,Chaos Space Marines,Priority Assets,1592,2094,22,11,2,35,65.7%,Medium,England,The UKTC Windsor Super-Major,TYPHOON,1,
95,Alex Ford,The Sh[a]meful Suspects - PSSN,Drukhari,Reconnaissance,1590,2148,24,29,0,53,45.3%,Medium,England,THE SOUTH-COAST 40k SUPER-MAJOR,Pile of Shame Support Network,1,"Guest - club is listed as Pile of Shame Support Network, not this team."
96,George Ford,Shadowkeepers :: The Clueless,Adeptus Custodes,Disruption,1589,2158,44,40,1,85,52.4%,High,England,THE BIRMINGHAM 40K SUPER MAJOR,Shadowkeepers,1,
97,Nathan Cocker,DeadRedGaming,Grey Knights,Disruption,1589,2160,42,30,0,72,58.3%,High,England,THE SHEFFIELD 40K GT,DeadRedGaming,1,
98,Rohan Tesh,DKQR - Frog,Space Marines (Astartes),Take and Hold,1587,2236,22,14,0,36,61.1%,Medium,England,THE LEICESTER 40K SUPER MAJOR,Death Korps of Queens Road,1,"Guest - club is listed as Death Korps of Queens Road, not this team."
99,James Gascoine,[REDACTED],Dark Angels,Reconnaissance,1586,2254,40,33,3,76,54.6%,High,England,THE LEEDS 40K SUPER MAJOR,Manaforge Games,1,"Guest - club is listed as Manaforge Games, not this team."
100,Sam Parker-Hully,Sanguine Spanners,Genestealer Cult,Reconnaissance,1583,2344,40,20,2,62,66.1%,High,England,THE LEEDS 40K SUPER MAJOR,Sanguine Spanners,1,
101,Sam Dearman,"Death Korps of Queens Road, Honey Badgers",Chaos Space Marines,Purge the Foe,1582,2365,38,40,0,78,48.7%,High,England,Willen Games April Grand Tournament,Death Korps of Queens Road,1,
102,Mark Pocock,Flapcats and Flackcannons,Space Marines (Astartes),Disruption,1581,2391,33,11,2,46,73.9%,Medium,England,The London Grand Tournament - 40k Main Event (LGT 40k GT),Flatcaps and Flakcannons,1,"Guest - club is listed as Flatcaps and Flakcannons, not this team."
103,Shaun Turner,Sofa Meta,Adepta Sororitas,Take and Hold,1579,2443,22,14,0,36,61.1%,Medium,England,Beachhead Brawl 2026,Sofa Meta,1,
104,Mika Gawin,Flatcaps and flakcannons,Emperor's Children,Disruption,1579,2457,19,10,1,30,65.0%,Medium,England,THE LEEDS 40K SUPER MAJOR,[Redacted],1,"Guest - club is listed as [Redacted], not this team."
105,Ben Hocking,TFG Gaming,Tyranids,Disruption,1575,2601,28,14,0,42,66.7%,Medium,England,The MANCHESTER 40k SUPER-MAJOR,TFG Gaming,1,
106,Corey Trumbley,Codex Creeps,Chaos Daemons,Purge the Foe,1575,2611,41,21,1,63,65.9%,High,Canada,Warhammer 40000 - 2025 World Championships of Warhammer,United Wargamers,1,"Based in Canada, so likely outside the UK team circuit. Guest - club is listed as United Wargamers, not this team."
107,Callum Evans,Trash Wargaming,Thousand Sons,Priority Assets,1574,2677,17,13,0,30,56.7%,Medium,England,South Yorkshire GT 1 2026,Trash Wargaming,1,
108,James Climpson,Phoenix40K - Outrageous Creatures,Chaos Knights,Reconnaissance,1573,2704,15,8,1,24,64.6%,Medium,England,THE SHEFFIELD 40K GT,Phoenix40K,1,
109,Jack Harrison,Low Rollers,Chaos Daemons,Purge the Foe,1572,2777,9,6,0,15,60.0%,Low,England,THE BIRMINGHAM 40K SUPER MAJOR,JustPlay,2,"Name matches 2 records in the Elo database; the UK record with the most games was used. Verify before relying on it. Elo rests on only 15 games, so lightly evidenced. Guest - club is listed as JustPlay, not this team."
110,Josh Tyler,Shut up Kyle,T'au Empire,Reconnaissance,1571,2814,13,7,0,20,65.0%,Medium,England,THE COVENTRY 40K : 2-Day,Sutton Immortals II,1,"Guest - club is listed as Sutton Immortals II, not this team."
111,Graham Russell,Tuesday Knights,Orks,Take and Hold,1569,2881,78,65,4,147,54.4%,High,England,The NOTTINGHAM 40K SUPER-MAJOR,Tuesday Knights,1,
112,Richard Field,[REDACTED],Necrons,Purge the Foe,1569,2886,22,12,1,35,64.3%,Medium,England,Peterborough Slam! - Inspired GT,[Redacted],1,
113,James Evans,Ballers Brawlers,Adeptus Custodes,Take and Hold,1565,3049,25,24,0,49,51.0%,Medium,England,THE LEEDS 40K SUPER MAJOR,Ballers Brawlers,2,Name matches 2 records in the Elo database; the UK record with the most games was used. Verify before relying on it.
114,Matthew Yeoh,PSSN: [L]ooming Table Flip,Imperial Knights,Priority Assets,1565,3069,6,3,1,10,65.0%,Low,England,THE SOUTH-COAST 40k SUPER-MAJOR,Pile of Shame Support Network,1,"Elo rests on only 10 games, so lightly evidenced. Guest - club is listed as Pile of Shame Support Network, not this team."
115,Seth Bryan,Sofa Meta is Bad at Stuff,Orks,Disruption,1565,3091,26,23,1,50,53.0%,Medium,England,Oxford Onslaught 5,The Sofa Meta,1,
116,Chris Boulton,DKQR - Frog,Adeptus Custodes,Reconnaissance,1565,3098,9,7,0,16,56.2%,Low,England,Willen Games April Grand Tournament,Death Korps of Queens Road,1,"Elo rests on only 16 games, so lightly evidenced. Guest - club is listed as Death Korps of Queens Road, not this team."
117,Adam Jehan,Blackwater Vikings Team Pink,Dark Angels,Disruption,1564,3125,12,7,0,19,63.2%,Low,England,The UKTC Windsor Super-Major,Blackwater Vikings,1,"Elo rests on only 19 games, so lightly evidenced."
118,Francisco Marquesini,Blackwater Vikings Black,Grey Knights,Take and Hold,1564,3122,8,4,0,12,66.7%,Low,England,Warhammer 40000 GT: Warhammer Open UK Games Expo Birmingham,,1,"Elo rests on only 12 games, so lightly evidenced."
119,Ed Paszek,Carnage Chaos,Adeptus Custodes,Purge the Foe,1563,3159,75,55,3,133,57.5%,High,England,South Yorkshire GT 1 2026,adeptus ineptus,1,"Guest - club is listed as adeptus ineptus, not this team."
120,Stephen Heron,Black Herts,Chaos Daemons,Reconnaissance,1563,3167,18,11,1,30,61.7%,Medium,England,The UKTC Windsor Super-Major,Black Herts,1,"Captain of Black Herts. Finished 30th of 426 players at the Bristol 40K Super Major with World Eaters. He is on Chaos Daemons here, so that result was on a different army."
121,Dean Goldhawk,Krump or Dice Tryin',Blood Angels,Purge the Foe,1563,3168,12,8,0,20,60.0%,Medium,England,THE BRISTOL 40K SUPER MAJOR,Krump or Dice Tryin',1,
122,Kyle Kitchen,BDK Gaming,Leagues of Votann,Priority Assets,1562,3209,15,13,2,30,53.3%,Medium,England,THE BIRMINGHAM 40K SUPER MAJOR,BDK Gaming,1,
123,George Miller,Phoenix40k - Drooling Creatures,Thousand Sons,Take and Hold,1562,3238,6,2,0,8,75.0%,Low,England,THE BIRMINGHAM 40K SUPER MAJOR,,1,"Elo rests on only 8 games, so lightly evidenced."
124,Daniel Lipscombe,Sofa Meta,Tyranids,Disruption,1560,3314,24,21,2,47,53.2%,Medium,England,Winchester 40K GT - May 2026,Sofa Meta,1,
125,Ben Piddington,[REDACTED],Leagues of Votann,Priority Assets,1560,3315,69,56,1,126,55.2%,High,England,THE SOUTH-COAST 40k SUPER-MAJOR,[Redacted],1,
126,Stephen Deare,DKQR - Frog,Chaos Daemons,Purge the Foe,1558,3438,19,21,1,41,47.6%,Medium,England,Willen Games April Grand Tournament,Death Korps of Queens Road,1,"Guest - club is listed as Death Korps of Queens Road, not this team."
127,Michael Crawford-Jones,Hobby Henchmen I,Grey Knights,Purge the Foe,1557,3486,24,17,0,41,58.5%,Medium,England,THE LEICESTER 40K SUPER MAJOR,Hobby Henchmen,1,
128,Nick Zivtins,The Holy Hand Grenades,Emperor's Children,Purge the Foe,1557,3516,12,11,2,25,52.0%,Medium,England,The NOTTINGHAM 40K SUPER-MAJOR,The Holy Hand Grenades,1,
129,Christopher Axe,Blackwater Vikings Black,Chaos Space Marines,Disruption,1555,3591,25,11,0,36,69.4%,Medium,England,The London Grand Tournament - 40k Main Event (LGT 40k GT),Blackwater Vikings,1,
130,Daniel Green,The Sh[a]meful Suspects - PSSN,World Eaters,Purge the Foe,1555,3611,11,8,1,20,57.5%,Medium,England,PSSN Presents: Dark Sphere May GT,Pile of Shame Support Network,1,"Guest - club is listed as Pile of Shame Support Network, not this team."
131,Josh Kent,Hobby Henchmen II,Chaos Knights,Disruption,1553,3724,18,12,0,30,60.0%,Medium,England,THE SOUTH-COAST 40k SUPER-MAJOR,Hobby Henchmen,1,
132,Rusty Ashworth,Carnage Behemoth,T'au Empire,Reconnaissance,1553,3755,17,11,2,30,60.0%,Medium,England,South Yorkshire GT 2,Carnage,1,
133,Bertie G,"Live, Laugh, Lascannons",Emperor's Children,Reconnaissance,1552,3779,4,1,0,5,80.0%,Low,England,Winchester 40K GT - May 2026,Chaos Coterie,1,"Elo rests on only 5 games, so lightly evidenced. Guest - club is listed as Chaos Coterie, not this team."
134,Geoffrey Stafford,Polaris,T'au Empire,Purge the Foe,1551,3856,32,27,3,62,54.0%,High,England,Warhammer 40000 GT: Warhammer Open UK Games Expo Birmingham,Polaris,1,
135,Alex Parnall,Manaforge Games Derby,Thousand Sons,Take and Hold,1551,3859,11,7,0,18,61.1%,Low,England,THE COVENTRY 40K : 3-Day,Manaforge Games,1,"Elo rests on only 18 games, so lightly evidenced."
136,Matt Duncombe,Phoenix40k - Drooling Creatures,Aeldari,Disruption,1550,3922,15,14,1,30,51.7%,Medium,England,Phoenix 40K Spring GT 2026,Phoenix40K,1,
137,Kit Harvey-Lewis,Snake Eyes,Chaos Knights,Reconnaissance,1548,4065,49,54,2,105,47.6%,High,England,WH40K SWC: Qualifier 4 - June,Snake Eyes,1,
138,Dan W,PSSN: [L]ooming Table Flip,Aeldari,Reconnaissance,1548,4110,15,12,2,29,55.2%,Medium,England,The NOTTINGHAM 40K SUPER-MAJOR,Pile of Shame Support Network,2,"Name matches 2 records in the Elo database; the UK record with the most games was used. Verify before relying on it. Guest - club is listed as Pile of Shame Support Network, not this team."
139,Nathan Snelson,Trash Wargaming,Leagues of Votann,Purge the Foe,1547,4166,45,47,0,92,48.9%,High,England,South Yorkshire GT 1 2026,Trash Wargaming,1,
140,Bill Marvin,DKQR - Frog,Leagues of Votann,Disruption,1547,4179,15,12,0,27,55.6%,Medium,England,THE LEICESTER 40K SUPER MAJOR,Death Korps of Queens Road,2,"Name matches 2 records in the Elo database; the UK record with the most games was used. Verify before relying on it. Guest - club is listed as Death Korps of Queens Road, not this team."
141,James Wilson,Adeptus Mancunian 1,Space Marines (Astartes),Purge the Foe,1546,4264,42,34,1,77,55.2%,High,England,The 36 Chambers #4,Adeptus Mancunian,4,WARNING: there are TWO players named James Wilson in this event (Adeptus Mancunian 1 and Polaris killer Bs) and four in the Elo database. Both roster entries have been assigned the SAME Elo record. At least one of these rows is wrong - verify before relying on it.
142,James Wilson,Polaris killer Bs,Tyranids,Disruption,1546,4264,42,34,1,77,55.2%,High,England,The 36 Chambers #4,Polaris,4,WARNING: there are TWO players named James Wilson in this event (Adeptus Mancunian 1 and Polaris killer Bs) and four in the Elo database. Both roster entries have been assigned the SAME Elo record. At least one of these rows is wrong - verify before relying on it.
143,Oscar Luckin,PSSN: Pile of Shame x LWG,Tyranids,Priority Assets,1544,4446,27,22,2,51,54.9%,Medium,England,PSSN Presents: Dark Sphere May GT,Pile of Shame Support Network,1,
144,Henry Taylor,Forged In The Armoury,Death Guard,Take and Hold,1543,4515,12,11,2,25,52.0%,Medium,England,THE SHEFFIELD 40K GT,Forged in the Armoury,1,
145,DJ Inglis,Phoenix40k - Heinous Creatures,Emperor's Children,Priority Assets,1542,4558,6,4,0,10,60.0%,Low,England,South Yorkshire GT 1 2026,,1,"Elo rests on only 10 games, so lightly evidenced."
146,Ross Hilliard,Mind Gobliins,Chaos Space Marines,Purge the Foe,1539,4893,51,52,0,103,49.5%,High,England,THE COVENTRY 40K : 3-Day,Mind Goblins,1,
147,Sean O'Connor,Blackwater Vikings Team Pink,Tyranids,Reconnaissance,1539,4920,10,9,1,20,52.5%,Medium,England,VT 40K GT JAN 2026,Blackwater Vikings,1,
148,Chippy Wesemael,Mind Gobliins,Leagues of Votann,Reconnaissance,1538,5038,24,18,0,42,57.1%,Medium,England,The London Grand Tournament - 40k Main Event (LGT 40k GT),Mind Goblins,1,
149,Andy Plummer,Carnage Chaos,Space Marines (Astartes),Priority Assets,1537,5073,21,28,0,49,42.9%,Medium,England,THE LEEDS 40K SUPER MAJOR,Carnage,1,
150,Christian Etheridge,Shadowkeepers :: The Chill,T'au Empire,Purge the Foe,1537,5065,11,14,0,25,44.0%,Medium,England,THE BRISTOL 40K SUPER MAJOR,Shadowkeepers,1,
151,Matthew Norris,Carnage Chaos,Aeldari,Reconnaissance,1537,5084,24,33,0,57,42.1%,Medium,England,THE BRISTOL 40K SUPER MAJOR,Carnage,2,Name matches 2 records in the Elo database; the UK record with the most games was used. Verify before relying on it.
152,Jamie Payton,PSSN: Pile of Shame x LWG,Blood Angels,Reconnaissance,1536,5212,31,33,2,66,48.5%,High,England,PSSN Presents: Dark Sphere March GT,Pile of Shame Support Network,1,
153,Martin Freeman,Death Korps of Queens Road - Orca Squadron,Tyranids,Take and Hold,1535,5307,28,29,2,59,49.2%,Medium,England,THE LEICESTER 40K SUPER MAJOR,Death Korps of Queens Road,1,
154,Noah Russell,Shadowkeepers :: The Chill,Space Marines (Astartes),Take and Hold,1534,5369,3,2,0,5,60.0%,Low,England,THE BIRMINGHAM 40K SUPER MAJOR,Shadowkeepers,1,"Elo rests on only 5 games, so lightly evidenced."
155,Lewis Ferrari,Krump or Dice Tryin',Orks,Take and Hold,1534,5379,17,14,0,31,54.8%,Medium,England,THE BIRMINGHAM 40K SUPER MAJOR,Krump or Dice Tryin',1,
156,Jugrajveer Kundola,Flatcaps and flakcannons,Dark Angels,Take and Hold,1534,5406,18,20,0,38,47.4%,Medium,England,THE LEEDS 40K SUPER MAJOR,Flatcaps and Flakcannons,1,
157,Tim Russell,Shadowkeepers :: The Chill,Imperial Knights,Priority Assets,1533,5522,3,2,0,5,60.0%,Low,England,THE BIRMINGHAM 40K SUPER MAJOR,,1,"Elo rests on only 5 games, so lightly evidenced."
158,Nicolas Ballesteros,Fire and Dice - Targaryen,Blood Angels,Take and Hold,1533,5556,29,26,0,55,52.7%,Medium,England,The London Grand Tournament - 40k Main Event (LGT 40k GT),Fire and Dice,1,
159,Jack Jackson-Savill,Forged In The Armoury,World Eaters,Reconnaissance,1533,5594,13,12,0,25,52.0%,Medium,England,THE SHEFFIELD 40K GT,Forged in the Armoury,1,
160,Oliver Wheeler,Waaagh Boys,Emperor's Children,Purge the Foe,1532,5600,57,53,3,113,51.8%,High,England,Dark Sphere November Major,Waaagh Boys,1,
161,Damian Corbett,40Kasuals,Necrons,Priority Assets,1532,5596,8,7,0,15,53.3%,Low,England,Beachhead Brawl 2026,,1,"Elo rests on only 15 games, so lightly evidenced."
162,Adam Stallwood,Fire and Dice - Tiger's eye,Genestealer Cult,Disruption,1531,5711,25,10,2,37,70.3%,Medium,England,The GR: Meme Team - 2025 GT,Fire and Dice,1,
163,Chris Lambert,Hobby Henchmen I,Necrons,Take and Hold,1529,5985,8,7,0,15,53.3%,Low,England,THE SOUTH-COAST 40k SUPER-MAJOR,Hobby Henchmen,1,"Elo rests on only 15 games, so lightly evidenced."
164,Daniel Berris,Blackwater Vikings Black,World Eaters,Purge the Foe,1526,6368,26,17,3,46,59.8%,Medium,England,The London Grand Tournament - 40k Main Event (LGT 40k GT),Blackwater Vikings,1,
165,Gee Hunter,Flatcaps and flakcannons,T'au Empire,Purge the Foe,1526,6416,3,2,0,5,60.0%,Low,England,THE LEEDS 40K SUPER MAJOR,Flatcaps and Flakcannons,1,"Elo rests on only 5 games, so lightly evidenced."
166,Oliver Steer,Death Korps of Queens Road - Orca Squadron,Adeptus Custodes,Purge the Foe,1525,6530,20,25,0,45,44.4%,Medium,England,Warhammer 40000 GT: Warhammer Open UK Games Expo Birmingham,Death Korps of Queens Road,1,
167,Doug Tabor,Team Stonehammer,Adepta Sororitas,Take and Hold,1525,6541,25,11,0,36,69.4%,Medium,England,Protect Ya Neck,Team Stonehammer,1,
168,Freddie Robinson,Hobby Henchmen I,Chaos Knights,Priority Assets,1523,6915,47,59,1,107,44.4%,High,England,THE BIRMINGHAM 40K SUPER MAJOR,Hobby Henchmen,1,13th at the Vanguard Tactics GT in August 2025 with Grey Knights. He is on Chaos Knights here.
169,Michael Glassock,Blackwater Vikings Team Pink,Orks,Take and Hold,1521,7179,6,4,0,10,60.0%,Low,England,The London Grand Tournament - 40k Main Event (LGT 40k GT),Blackwater Vikings,1,"Elo rests on only 10 games, so lightly evidenced."
170,Edward Shilcof,Shut up Kyle,Orks,Disruption,1521,7190,4,1,0,5,80.0%,Low,England,THE BRISTOL 40K SUPER MAJOR,Sutton Immortals II,1,"Appears as team captain under the variant spelling 'Ed Shilcoff'. Elo rests on only 5 games, so lightly evidenced. Guest - club is listed as Sutton Immortals II, not this team."
171,Jonathan Clarke,TFG Gaming,Space Marines (Astartes),Reconnaissance,1520,7407,29,11,0,40,72.5%,Medium,England,North Staffs GT,TFG Gaming,1,
172,Nyran Grey,Krump or Dice Tryin' B Team,T'au Empire,Purge the Foe,1519,7566,3,2,0,5,60.0%,Low,England,THE BRISTOL 40K SUPER MAJOR,Krump or Dice Tryin',1,"Elo rests on only 5 games, so lightly evidenced."
173,Callum Watts,PSSN: The Wizards of Odds,Tyranids,Disruption,1518,7773,41,46,0,87,47.1%,High,England,PSSN Presents: Dark Sphere May GT,Pile of Shame Support Network,1,"Guest - club is listed as Pile of Shame Support Network, not this team."
174,Matt Whiteley,The Sh[a]meful Suspects - PSSN,Space Marines (Astartes),Disruption,1518,7827,12,13,0,25,48.0%,Medium,England,The London Grand Tournament - 40k Main Event (LGT 40k GT),Pile of Shame Support Network,1,"Guest - club is listed as Pile of Shame Support Network, not this team."
175,Joe Jackson,Forged In The Armoury,Leagues of Votann,Priority Assets,1518,7838,3,2,0,5,60.0%,Low,England,THE SHEFFIELD 40K GT,Forged in the Armoury,1,"Elo rests on only 5 games, so lightly evidenced."
176,Chris Redfearn,Snake Eyes,Astra Militarum,Priority Assets,1518,7930,3,2,0,5,60.0%,Low,England,The Battle for Toad Hall,,1,"Elo rests on only 5 games, so lightly evidenced."
177,Inder Bal,Fire and Dice - Tiger's eye,Chaos Daemons,Purge the Foe,1517,8142,11,12,2,25,48.0%,Medium,England,THE BIRMINGHAM 40K SUPER MAJOR,Fire and Dice,1,
178,Matthew Bunker,Tuesday Knights,Chaos Space Marines,Priority Assets,1516,8249,31,33,5,69,48.6%,High,England,Dark Sphere February GT,Tuesday Knights,1,
179,Alex Fleet,Blackwater Vikings Silver,Emperor's Children,Priority Assets,1516,8268,3,1,1,5,70.0%,Low,England,The London Grand Tournament - 40k Main Event (LGT 40k GT),Blackwater Vikings,1,"Elo rests on only 5 games, so lightly evidenced."
180,Sean Clancy,Codex Creeps,Necrons,Take and Hold,1516,8375,45,54,0,99,45.5%,High,Canada,Wheat City Open 2026: 40k,United Wargamers,1,"Based in Canada, so likely outside the UK team circuit. Guest - club is listed as United Wargamers, not this team."
181,Thomas Welsh,Sanguine Spanners,Tyranids,Disruption,1516,8386,17,9,0,26,65.4%,Medium,England,THE LEEDS 40K SUPER MAJOR,Sanguine Spanners,1,
182,Ollie Watts,PSSN: The Wizards of Odds,Leagues of Votann,Priority Assets,1514,8761,15,16,2,33,48.5%,Medium,England,Dark  Sphere April 40k GT,Pile of Shame Support Network,1,"Guest - club is listed as Pile of Shame Support Network, not this team."
183,charles shelley,Wet T-shirt saves,Dark Angels,Priority Assets,1514,8961,2,1,0,3,66.7%,Low,England,The London Grand Tournament - 40k Main Event (LGT 40k GT),Charlie's angels of death,1,"Elo rests on only 3 games, so lightly evidenced. Guest - club is listed as Charlie's angels of death, not this team."
184,Alexandre Harnisch,Waaagh Boys,Necrons,Take and Hold,1513,8997,14,8,0,22,63.6%,Medium,England,Goonhammer Open UK September 2024,Waaagh Boys,1,
185,Samuel Godding,Hobby Henchmen I,Space Marines (Astartes),Reconnaissance,1512,9437,23,25,1,49,48.0%,Medium,England,THE BRISTOL 40K SUPER MAJOR,,1,
186,Chris Arlow,Black Herts,Necrons,Take and Hold,1512,9450,18,21,2,41,46.3%,Medium,England,THE BRISTOL 40K SUPER MAJOR,Black Herts,1,
187,Matt Smith,Webway Wanderers,Chaos Daemons,Disruption,1512,9527,18,17,1,36,51.4%,Medium,England,SUPER All Stars 2 - Hellstorm's MAJOR Warhammer 40K Tournament,Webway Wanderers,3,Name matches 3 records in the Elo database; the UK record with the most games was used. Verify before relying on it.
188,Tom Briggs,Krump or Dice Tryin',Chaos Space Marines,Disruption,1512,9539,7,8,0,15,46.7%,Low,England,THE BRISTOL 40K SUPER MAJOR,Krump or Dice Tryin',1,"Elo rests on only 15 games, so lightly evidenced."
189,Alex Walker,Sanguine Spanners,Chaos Daemons,Purge the Foe,1511,9696,38,37,2,77,50.6%,High,England,That 6++ Grand Tournament: North 2026,Sanguine Spanners,1,
190,Matt Lamacraft,Phoenix40k - Drooling Creatures,Black Templars,Purge the Foe,1511,9687,10,10,0,20,50.0%,Medium,England,THE LEEDS 40K SUPER MAJOR,,1,
191,Peter Bunce,Mind Gobliins,Orks,Take and Hold,1511,9745,8,2,0,10,80.0%,Low,England,Battlefield Birmingham 22,Mind Goblins,1,"Elo rests on only 10 games, so lightly evidenced."
192,Perry Bates-Powell,Shut up Kyle,Adeptus Mechanicus,Priority Assets,1511,9747,3,2,0,5,60.0%,Low,England,THE COVENTRY 40K : 2-Day,Sutton Immortals II,1,"Elo rests on only 5 games, so lightly evidenced. Guest - club is listed as Sutton Immortals II, not this team."
193,Kieran Taylor,Carnage Destruction,Grey Knights,Purge the Foe,1511,9827,7,7,0,14,50.0%,Low,England,THE SHEFFIELD 40K GT,Carnage,1,"Elo rests on only 14 games, so lightly evidenced."
194,Dan Zas,Polaris,Aeldari,Priority Assets,1510,10099,20,22,1,43,47.7%,Medium,England,The NOTTINGHAM 40K SUPER-MAJOR,Polaris,1,
195,Rob Edwards,Forged In The Armoury,Chaos Knights,Disruption,1510,10167,14,6,0,20,70.0%,Medium,England,South Yorkshire GT 24,,1,
196,Phil Gill,Black Herts,Leagues of Votann,Priority Assets,1509,10308,12,15,1,28,44.6%,Medium,England,The UKTC Windsor Super-Major,Black Herts,1,
197,Matthew Jemmerson,The Holy Hand Grenades,Space Marines (Astartes),Disruption,1509,10335,7,8,0,15,46.7%,Low,England,The NOTTINGHAM 40K SUPER-MAJOR,The Holy Hand Grenades,1,"Elo rests on only 15 games, so lightly evidenced."
198,Josh Murphy,Blackscar Gaming,Orks,Priority Assets,1509,10316,3,2,0,5,60.0%,Low,England,THE SOUTH-COAST 40k SUPER-MAJOR,Blackscar Gaming,1,"Elo rests on only 5 games, so lightly evidenced."
199,Patrick Easingwood,Carnage Destruction,Space Marines (Astartes),Reconnaissance,1509,10510,17,17,1,35,50.0%,Medium,England,South Yorkshire GT 2,Carnage,1,
200,Nathan Osborne,Blackwater Vikings Silver,Tyranids,Take and Hold,1509,10525,3,2,0,5,60.0%,Low,England,The London Grand Tournament - 40k Main Event (LGT 40k GT),Blackwater Vikings,1,"Elo rests on only 5 games, so lightly evidenced."
201,Jamie Fowler,Krump or Dice Tryin' B Team,Leagues of Votann,Priority Assets,1509,10562,8,7,0,15,53.3%,Low,England,The Autumn Swordwind GT - 2000 Points 40k tournament 5 rounds,Krump or Dice Tryin',2,"Name matches 2 records in the Elo database; the UK record with the most games was used. Verify before relying on it. Elo rests on only 15 games, so lightly evidenced."
202,Jamie Paris,Shadowkeepers :: The Clueless,Tyranids,Take and Hold,1508,10661,3,2,0,5,60.0%,Low,England,The London Grand Tournament - 40k Main Event (LGT 40k GT),Team Sigil,1,"GUEST - club is Team Sigil, the national #1 squad, playing for Shadowkeepers :: The Clueless. Elo rests on only 5 games, so lightly evidenced."
203,Alastair Marjoram,Polaris killer Bs,Space Marines (Astartes),Priority Assets,1508,10730,11,4,0,15,73.3%,Low,England,Ammonite Gaming Turbulent Tides - The Whitby GT,Polaris,1,"Elo rests on only 15 games, so lightly evidenced."
204,Ben Clark,Blackwater Vikings Team Pink,Thousand Sons,Priority Assets,1508,10929,5,5,0,10,50.0%,Low,England,The London Grand Tournament - 40k Main Event (LGT 40k GT),Blackwater Vikings,2,"Name matches 2 records in the Elo database; the UK record with the most games was used. Verify before relying on it. Elo rests on only 10 games, so lightly evidenced."
205,Kyle Brady,Shut up Kyle,Emperor's Children,Purge the Foe,1507,11248,3,2,0,5,60.0%,Low,England,THE BRISTOL 40K SUPER MAJOR,Sutton Immortals II,1,"Elo rests on only 5 games, so lightly evidenced. Guest - club is listed as Sutton Immortals II, not this team."
206,Warwick Smith,"Live, Laugh, Lascannons",Astra Militarum,Purge the Foe,1506,11425,23,30,2,55,43.6%,Medium,England,Black Crow Gaming's Battle of the RAGNAR GT! March,Touch My Mortal Wound,1,"Guest - club is listed as Touch My Mortal Wound, not this team."
207,Ed Benson,Team YEET,Thousand Sons,Take and Hold,1506,11495,6,6,0,12,50.0%,Low,England,The London Grand Tournament - 40k Main Event (LGT 40k GT),South London Legion,1,"Elo rests on only 12 games, so lightly evidenced. Guest - club is listed as South London Legion, not this team."
208,Aaron Day,Polaris killer Bs,Astra Militarum,Purge the Foe,1506,11638,32,24,0,56,57.1%,Medium,England,The Coventry Super-Major,Polaris,1,
209,Brett Armitage,TFG Gaming,Necrons,Take and Hold,1506,11760,9,10,1,20,47.5%,Medium,England,Glasshammer Major - Nottingham,TFG Gaming,1,
210,Ben McCarthy,PSSN: [L]ooming Table Flip,World Eaters,Purge the Foe,1506,11794,22,24,1,47,47.9%,Medium,England,PSSN Presents: Dark Sphere May GT,Pile of Shame Support Network,2,"Name matches 2 records in the Elo database; the UK record with the most games was used. Verify before relying on it. Guest - club is listed as Pile of Shame Support Network, not this team."
211,Alexei de Berner,Hobby Henchmen II,T'au Empire,Reconnaissance,1505,12155,2,2,1,5,50.0%,Low,England,THE SOUTH-COAST 40k SUPER-MAJOR,Hobby Henchmen,1,"Elo rests on only 5 games, so lightly evidenced."
212,Dave Skinner,Polaris killer Bs,Adepta Sororitas,Reconnaissance,1504,12557,17,24,1,42,41.7%,Medium,England,40K Iron Man 2025,Polaris,1,
213,Daniel Marshall,Phoenix40k - Heinous Creatures,Leagues of Votann,Purge the Foe,1504,12633,4,4,0,8,50.0%,Low,England,Phoenix 40K Spring GT 2026,Deepstrike Diaries,2,"Name matches 2 records in the Elo database; the UK record with the most games was used. Verify before relying on it. Elo rests on only 8 games, so lightly evidenced. Guest - club is listed as Deepstrike Diaries, not this team."
214,Luke Alderson-Fletcher,Shadowkeepers :: The Clueless,Adepta Sororitas,Priority Assets,1503,13071,29,28,2,59,50.8%,Medium,England,Warhammer 40000 GT: Warhammer Open UK Games Expo Birmingham,Shadowkeepers,1,
215,Jack Sharratt,Manaforge Games Derby,Space Marines (Astartes),Priority Assets,1503,13311,15,16,2,33,48.5%,Medium,England,The NOTTINGHAM 40K SUPER-MAJOR,Manaforge Games,1,
216,Jacob Kriegbaum,The Minutemen 1,Death Guard,Take and Hold,1503,13335,7,4,0,11,63.6%,Low,0,Frontline Gaming LVO 2023 Warhammer 40K Champs,Air Force Gaming,1,"Elo rests on only 11 games, so lightly evidenced. Country field is blank in the source data. Guest - club is listed as Air Force Gaming, not this team."
217,Edward Muir,Waaagh Boys,Adeptus Custodes,Disruption,1502,13894,5,5,0,10,50.0%,Low,England,Gothic Games Canterbury: August 40k GT,Waaagh Boys,1,"Elo rests on only 10 games, so lightly evidenced."
218,Dan Jones,Adeptus Mancunian 1,Tyranids,Reconnaissance,1502,14084,13,16,0,29,44.8%,Medium,England,The MANCHESTER 40k SUPER-MAJOR,TheDoomMelon (Maidenhead Freeguild),1,"Guest - club is listed as TheDoomMelon (Maidenhead Freeguild), not this team."
219,Nathaniel Sibley,Flatcaps and flakcannons,World Eaters,Priority Assets,1502,14585,4,6,0,10,40.0%,Low,England,THE LEEDS 40K SUPER MAJOR,Flatcaps and Flakcannons,1,"Elo rests on only 10 games, so lightly evidenced."
220,Luke Watson,Webway Wanderers,T'au Empire,Purge the Foe,1501,15126,15,12,0,27,55.6%,Medium,0,Gibraltar Grand Tournament,Webway Wanderers,1,Country field is blank in the source data.
221,Alfie Cox,Phoenix40k - Drooling Creatures,Necrons,Priority Assets,1501,15677,12,18,0,30,40.0%,Medium,England,Phoenix 40K Spring GT 2026,ludens insipiens,1,"Guest - club is listed as ludens insipiens, not this team."
222,Sam Sanders,Live and let dice,Adeptus Custodes,Priority Assets,1501,15638,5,5,0,10,50.0%,Low,United States,Safety's Off's "The Pumpkin Spice Must Flow" GT,,1,"Elo rests on only 10 games, so lightly evidenced. Based in United States, so likely outside the UK team circuit."
223,Josh Hazelwood,Cooked Green Dice,Thousand Sons,Priority Assets,1499,18224,9,16,0,25,36.0%,Medium,England,Nailhammer 8 - 2k 2 Day Tournament,Cooked Green Dice,1,
224,Samir Sydykov,Fire and Dice - Tiger's eye,Adepta Sororitas,Priority Assets,1499,19423,13,17,0,30,43.3%,Medium,England,The NOTTINGHAM 40K SUPER-MAJOR,Fire and Dice,1,
225,Will Fowler,Phoenix40K - Outrageous Creatures,Emperor's Children,Purge the Foe,1499,19853,5,5,0,10,50.0%,Low,England,The NOTTINGHAM 40K SUPER-MAJOR,Phoenix40K,1,"Elo rests on only 10 games, so lightly evidenced."
226,Cameron Clack,Blackwater Vikings Black,Dark Angels,Priority Assets,1499,20000,2,2,0,4,50.0%,Low,England,VT 40K GT JAN 2026,Blackwater Vikings,1,"Elo rests on only 4 games, so lightly evidenced."
227,Tom Noble,Live and let dice,Space Marines (Astartes),Reconnaissance,1499,20285,2,3,0,5,40.0%,Low,England,The NOTTINGHAM 40K SUPER-MAJOR,,1,"Elo rests on only 5 games, so lightly evidenced."
228,Andrew Downes,Shut up Kyle,Space Marines (Astartes),Take and Hold,1497,22699,5,8,0,13,38.5%,Low,England,THE LEICESTER 40K SUPER MAJOR,Sutton Immortals II,1,"Elo rests on only 13 games, so lightly evidenced. Guest - club is listed as Sutton Immortals II, not this team."
229,Sam Baber,Waaagh Boys,T'au Empire,Priority Assets,1497,23037,6,9,0,15,40.0%,Low,England,Dark Sphere July 40k GT,Waaagh Boys,1,"Elo rests on only 15 games, so lightly evidenced."
230,Jordan Tilley,Phoenix40K - Outrageous Creatures,Blood Angels,Take and Hold,1496,24134,6,10,0,16,37.5%,Low,England,ALL STARS HEAT 4 - Hellstorm's 40K Tournament Series,Phoenix40K,1,"Elo rests on only 16 games, so lightly evidenced."
231,Dan Gilbert,Fire and Dice - Tiger's eye,Space Marines (Astartes),Reconnaissance,1495,24807,6,8,1,15,43.3%,Low,England,The GR: Meme Team GT - In co-operation with Cryptic Cabin,Fire and Dice,1,"Elo rests on only 15 games, so lightly evidenced."
232,Max Berry,Hobby Henchmen II,Adeptus Custodes,Purge the Foe,1495,24809,4,6,0,10,40.0%,Low,England,THE COVENTRY 40K : 2-Day,Hobby Henchmen,1,"Elo rests on only 10 games, so lightly evidenced."
233,Sam Whymark,40Kasuals,Orks,Reconnaissance,1495,25019,3,3,0,6,50.0%,Low,England,Beachhead Brawl 2026,Blackwater Vikings,1,"Elo rests on only 6 games, so lightly evidenced. Guest - club is listed as Blackwater Vikings, not this team."
234,Gavin Abbott,40Kasuals,Space Wolves,Disruption,1495,25371,5,6,0,11,45.5%,Low,England,Beachhead Brawl 2026,40Kasuals,1,"Elo rests on only 11 games, so lightly evidenced."
235,Daniel Woodhouse,Phoenix40K - Outrageous Creatures,T'au Empire,Priority Assets,1495,25362,4,6,0,10,40.0%,Low,England,Phoenix 40K Spring GT 2026,,1,"Elo rests on only 10 games, so lightly evidenced."
236,Jonathan Fequet,Codex Creeps,Chaos Space Marines,Disruption,1494,25763,6,12,0,18,33.3%,Low,United States,Frontline Gaming LVO 2024 Warhammer 40K Champs,United Wargamers,1,"Elo rests on only 18 games, so lightly evidenced. Based in United States, so likely outside the UK team circuit. Guest - club is listed as United Wargamers, not this team."
237,Andrew Thornton,Forged In The Armoury,Orks,Purge the Foe,1494,25936,12,17,0,29,41.4%,Medium,England,THE SHEFFIELD 40K GT,Forged in the Armoury,1,
238,Jo Cripps,40Kasuals,Leagues of Votann,Take and Hold,1494,25959,5,7,0,12,41.7%,Low,England,Beachhead Brawl 2026,,1,"Elo rests on only 12 games, so lightly evidenced."
239,Luke Armstrong,Globo Gym,Necrons,Reconnaissance,1494,26377,8,10,2,20,45.0%,Medium,Scotland,Doonhamer Open - 40K Super Major,Globo Gym Purple Cobras,1,
240,Charlotte Kong,"Death Korps of Queens Road, Honey Badgers",Chaos Daemons,Disruption,1493,26764,2,3,0,5,40.0%,Low,England,THE BIRMINGHAM 40K SUPER MAJOR,Death Korps of Queens Road,1,"Elo rests on only 5 games, so lightly evidenced."
241,Rob Hassall,"Death Korps of Queens Road, Honey Badgers",Grey Knights,Priority Assets,1493,26876,5,9,1,15,36.7%,Low,England,The NOTTINGHAM 40K SUPER-MAJOR,DeadRedGaming,1,"Elo rests on only 15 games, so lightly evidenced. Guest - club is listed as DeadRedGaming, not this team."
242,Steve Hart,Black Herts,Space Marines (Astartes),Disruption,1493,26889,12,18,0,30,40.0%,Medium,England,The UKTC Windsor Super-Major,Black Herts,1,
243,Dale Ahmed,Webway Wanderers,Necrons,Reconnaissance,1493,27180,2,3,0,5,40.0%,Low,England,THE COVENTRY 40K : 2-Day,Webway Wanderers,1,"Elo rests on only 5 games, so lightly evidenced."
244,Tim James,40Kasuals,Imperial Knights,Purge the Foe,1493,27247,2,3,0,5,40.0%,Low,England,The London Grand Tournament - 40k Main Event (LGT 40k GT),40Kasuals,1,"Elo rests on only 5 games, so lightly evidenced."
245,Lewis Etchells,BDK Gaming,Death Guard,Disruption,1492,27453,2,3,0,5,40.0%,Low,England,The MANCHESTER 40k SUPER-MAJOR,BDK Gaming,1,"Elo rests on only 5 games, so lightly evidenced."
246,Tom Balmforth,Blackscar Gaming,Adepta Sororitas,Reconnaissance,1492,27726,13,16,1,30,45.0%,Medium,England,The London Grand Tournament - 40k Main Event (LGT 40k GT),Blackscar Gaming,1,
247,Michael Curnow,Finleys Angels,Adeptus Mechanicus,Reconnaissance,1491,28486,2,3,0,5,40.0%,Low,England,The MANCHESTER 40k SUPER-MAJOR,Finley's Angels,1,"Elo rests on only 5 games, so lightly evidenced."
248,Mark Sheard,Phoenix40k - Drooling Creatures,Chaos Knights,Reconnaissance,1491,28549,2,7,1,10,25.0%,Low,England,THE SHEFFIELD 40K SUPER MAJOR,Phoenix40K,2,"Name matches 2 records in the Elo database; the UK record with the most games was used. Verify before relying on it. Elo rests on only 10 games, so lightly evidenced."
249,Nick Hansen,Flapcats and Flackcannons,Leagues of Votann,Take and Hold,1490,29095,2,3,0,5,40.0%,Low,United States,Bourbon City Brawl 40K GT,,1,"Elo rests on only 5 games, so lightly evidenced. Based in United States, so likely outside the UK team circuit."
250,Natalie Dodd,Flapcats and Flackcannons,T'au Empire,Purge the Foe,1490,29564,0,3,0,3,0.0%,Low,England,40K Iron Man,Flatcaps and Flakcannons,1,"Elo rests on only 3 games, so lightly evidenced. Guest - club is listed as Flatcaps and Flakcannons, not this team."
251,Rob Willars,Low Rollers,Adeptus Custodes,Take and Hold,1488,30565,16,19,0,35,45.7%,Medium,England,The London Grand Tournament - 40k Main Event (LGT 40k GT),Low Rollers,1,
252,Douglas Fairfield,Low Rollers,Emperor's Children,Priority Assets,1487,30709,7,11,0,18,38.9%,Low,England,The London Grand Tournament - 40k Main Event (LGT 40k GT),Low Rollers,1,"Elo rests on only 18 games, so lightly evidenced."
253,Rob McAllister,Blackwater Vikings Black,Tyranids,Reconnaissance,1487,30896,15,24,2,41,39.0%,Medium,England,The London Grand Tournament - 40k Main Event (LGT 40k GT),Blackwater Vikings,1,
254,Ashley Blake,Black Herts,Imperial Knights,Purge the Foe,1485,32114,19,30,2,51,39.2%,Medium,England,The UKTC Windsor Super-Major,Black Herts,1,
255,Mark Main,Shadowkeepers :: The Chill,Chaos Space Marines,Disruption,1482,33165,6,9,0,15,40.0%,Low,England,THE SHEFFIELD 40K GT,Shadowkeepers,1,"Elo rests on only 15 games, so lightly evidenced."
256,Phil GC,Team YEET,Drukhari,Purge the Foe,1481,33522,2,3,0,5,40.0%,Low,England,The UKTC Windsor Super-Major,,1,"Elo rests on only 5 games, so lightly evidenced."
257,Marcus Losty,Tuesday Wizards,Leagues of Votann,Priority Assets,1481,33628,6,9,0,15,40.0%,Low,England,PSSN Presents: Dark Sphere May GT,Tuesday Knights,1,"Elo rests on only 15 games, so lightly evidenced."
258,Mike Keith,Sofa Meta,Grey Knights,Purge the Foe,1480,33985,16,31,0,47,34.0%,Medium,England,Beachhead Brawl 2026,Sofa Meta,1,
259,Matthew Wilson,Zero On Primary,Tyranids,Disruption,1479,34186,14,25,0,39,35.9%,Medium,England,Napalm Hobbies - SUMMER SWELTER GT - 40K - ITC,Zero On Primary,4,Name matches 4 records in the Elo database; the UK record with the most games was used. Verify before relying on it.
260,Ryan Rowe,Globo Gym,World Eaters,Purge the Foe,1477,34917,3,7,0,10,30.0%,Low,England,THE BRISTOL 40K SUPER MAJOR,The Fighting Mongooses,1,"Elo rests on only 10 games, so lightly evidenced. Guest - club is listed as The Fighting Mongooses, not this team."
261,Kyle Beauly,Globo Gym,Adeptus Mechanicus,Disruption,1476,35081,1,4,0,5,20.0%,Low,Scotland,Doonhamer Open - 40K Super Major,,1,"Elo rests on only 5 games, so lightly evidenced."
262,Louis Boote,"Live, Laugh, Lascannons",Thousand Sons,Take and Hold,1475,35288,1,4,0,5,20.0%,Low,England,The London Grand Tournament - 40k Main Event (LGT 40k GT),,1,"Elo rests on only 5 games, so lightly evidenced."
263,Joshua Wood,Trash Wargaming,Astra Militarum,Take and Hold,1475,35302,122,131,4,257,48.2%,High,England,South Yorkshire GT 1 2026,Trash Wargaming,1,
264,Dan Ford,Krump or Dice Tryin' B Team,Orks,Take and Hold,1474,35574,11,19,0,30,36.7%,Medium,England,THE BRISTOL 40K SUPER MAJOR,Krump or Dice Tryin',2,Name matches 2 records in the Elo database; the UK record with the most games was used. Verify before relying on it.
265,Oliver Logan,Snake Eyes,Black Templars,Purge the Foe,1474,35617,10,15,0,25,40.0%,Medium,England,THE BRISTOL 40K SUPER MAJOR,Snake Eyes,1,
266,Adam Nicholson,Sofa Meta is Bad at Stuff,World Eaters,Purge the Foe,1474,35637,4,6,0,10,40.0%,Low,England,Winchester 40K GT - May 2026,Sofa Meta,1,"Elo rests on only 10 games, so lightly evidenced."
267,Will Gilbert,PSSN: [L]ooming Table Flip,Astra Militarum,Take and Hold,1473,35763,5,10,0,15,33.3%,Low,England,Dark Sphere February GT,Pile of Shame Support Network,1,"Elo rests on only 15 games, so lightly evidenced. Guest - club is listed as Pile of Shame Support Network, not this team."
268,Nathan Jukes,Carnage Destruction,Thousand Sons,Priority Assets,1473,35918,7,13,0,20,35.0%,Medium,England,THE LEEDS 40K SUPER MAJOR,,1,
269,Alfie Gavagan,Finleys Angels,Death Guard,Purge the Foe,1471,36335,1,4,0,5,20.0%,Low,England,The MANCHESTER 40k SUPER-MAJOR,Finley's Angels,1,"Elo rests on only 5 games, so lightly evidenced."
270,Courtney Evetts,Webway Wanderers,Aeldari,Take and Hold,1471,36322,1,4,0,5,20.0%,Low,England,THE COVENTRY 40K : 2-Day,Webway Wanderers,1,"Elo rests on only 5 games, so lightly evidenced."
271,Josiah Tejeda,The Minutemen 2,Emperor's Children,Disruption,1469,36796,1,4,0,5,20.0%,Low,England,The NOTTINGHAM 40K SUPER-MAJOR,Air Force Gaming,1,"Elo rests on only 5 games, so lightly evidenced. Guest - club is listed as Air Force Gaming, not this team."
272,Dan Jemmerson,The Holy Hand Grenades,Adeptus Custodes,Take and Hold,1468,36988,1,4,0,5,20.0%,Low,England,The NOTTINGHAM 40K SUPER-MAJOR,The Holy Hand Grenades,1,"Elo rests on only 5 games, so lightly evidenced."
273,Harry Saunderson,Adeptus Mancunian,Adeptus Mechanicus,Priority Assets,1462,38330,3,7,0,10,30.0%,Low,England,The MANCHESTER 40k SUPER-MAJOR,Manchester Hive Wargaming,1,"Elo rests on only 10 games, so lightly evidenced. Guest - club is listed as Manchester Hive Wargaming, not this team."
274,shawn Dominy,Globo Gym,Orks,Take and Hold,1461,38380,8,10,0,18,44.4%,Low,England,THE BIRMINGHAM 40K SUPER MAJOR,,1,"Elo rests on only 18 games, so lightly evidenced."
275,Ben Raven,Team YEET,Chaos Knights,Reconnaissance,1461,38426,1,4,0,5,20.0%,Low,England,The UKTC Windsor Super-Major,South London Legion,1,"Elo rests on only 5 games, so lightly evidenced. Guest - club is listed as South London Legion, not this team."
276,Steven Timbers,The Holy Hand Grenades,T'au Empire,Reconnaissance,1460,38562,2,7,1,10,25.0%,Low,England,THE LEICESTER 40K SUPER MAJOR,The Holy Hand Grenades,1,"Elo rests on only 10 games, so lightly evidenced."
277,Joseph Cocking,Blackscar Gaming,Tyranids,Disruption,1460,38594,2,6,0,8,25.0%,Low,England,The NOTTINGHAM 40K SUPER-MAJOR,Blackscar Gaming,1,"Elo rests on only 8 games, so lightly evidenced."
278,Aidan McDade,"Live, Laugh, Lascannons",Space Wolves,Disruption,1459,38838,0,5,0,5,0.0%,Low,England,The London Grand Tournament - 40k Main Event (LGT 40k GT),,1,"Elo rests on only 5 games, so lightly evidenced."
279,Richard Pharoah,Death Korps of Queens Road - Orca Squadron,Adeptus Mechanicus,Reconnaissance,1458,38897,12,19,1,32,39.1%,Medium,England,Willen Games April Grand Tournament,Death Korps of Queens Road,1,
280,Nathan Gubbins,Death Korps of Queens Road - Orca Squadron,Space Marines (Astartes),Priority Assets,1452,39824,7,24,1,32,23.4%,Medium,England,Glasshammer Major - Nottingham,Death Korps of Queens Road,1,
281,Fintan Ryan,PSSN: [L]ooming Table Flip,Orks,Disruption,1452,39821,2,8,0,10,20.0%,Low,England,PSSN Presents: Dark Sphere May GT,Pile of Shame Support Network,1,"Elo rests on only 10 games, so lightly evidenced. Guest - club is listed as Pile of Shame Support Network, not this team."
282,Gordon Easingwood,Carnage Destruction,Imperial Knights,Disruption,1451,39900,93,109,7,209,46.2%,High,England,THE BIRMINGHAM 40K SUPER MAJOR,Carnage,1,
283,Finn Carter-Marsh,DKQR - Frog,Imperial Knights,Priority Assets,1449,40119,23,37,0,60,38.3%,High,England,Willen Games April Grand Tournament,Death Korps of Queens Road,1,"Guest - club is listed as Death Korps of Queens Road, not this team."
284,Daniel Benezra,Codex Creeps,Chaos Knights,Priority Assets,1449,40183,15,25,0,40,37.5%,Medium,Canada,Wheat City Open 2026: 40k,,1,"Based in Canada, so likely outside the UK team circuit."
285,Ben Hyde,Phoenix40k - Heinous Creatures,Death Guard,Disruption,1448,40242,7,18,0,25,28.0%,Medium,England,THE LEEDS 40K SUPER MAJOR,Phoenix 40k,2,Name matches 2 records in the Elo database; the UK record with the most games was used. Verify before relying on it.
286,Matthew Coxon,BDK Gaming,T'au Empire,Purge the Foe,1447,40390,3,7,0,10,30.0%,Low,England,THE LEEDS 40K SUPER MAJOR,BDK Gaming,1,"Elo rests on only 10 games, so lightly evidenced."
287,Chris Steel,The Holy Hand Grenades,Orks,Priority Assets,1446,40440,14,32,0,46,30.4%,Medium,England,Nailhammer 11 (2 day 5 game GT),,1,
288,Francisco Parga,PSSN: Pile of Shame x LWG,World Eaters,Purge the Foe,1444,40582,21,45,3,69,32.6%,High,England,Dark  Sphere July GT,,1,
289,James Harrison,Cooked Green Dice,Blood Angels,Purge the Foe,1434,41257,0,4,0,4,0.0%,Low,United Arab Emirates,Gulf Tournament Circuit: Dubai,Cooked Green Dice,1,"Elo rests on only 4 games, so lightly evidenced. Based in United Arab Emirates, so likely outside the UK team circuit."
290,Chris Enderby,PSSN: Pile of Shame x LWG,Chaos Space Marines,Take and Hold,1419,41934,12,23,0,35,34.3%,Medium,England,PSSN Presents: Dark Sphere May GT,Pile of Shame Support Network,1,
291,Thomas Lumb,Carnage Destruction,Necrons,Take and Hold,1418,41954,3,12,0,15,20.0%,Low,England,South Yorkshire GT 1 2026,Carnage,1,"Elo rests on only 15 games, so lightly evidenced."
292,Dharminder Dhanda,Tuesday Wizards,Space Marines (Astartes),Disruption,1406,42209,8,33,0,41,19.5%,Medium,England,Dark  Sphere July GT,Tuesday Knights,2,Appears as team captain under the shortened name 'Dharm Dhanda'. Name also collides in the Elo database. Name matches 2 records in the Elo database; the UK record with the most games was used. Verify before relying on it.
293,Paul Edmonds,Sofa Meta is Bad at Stuff,Space Marines (Astartes),Take and Hold,1399,42313,16,32,0,48,33.3%,Medium,England,Warhammer 40000 GT: Warhammer Open UK Games Expo Birmingham,Is Bad At Stuff,1,
294,Chris Mcevoy,Adeptus Mancunian,T'au Empire,Reconnaissance,1389,42425,23,42,0,65,35.4%,High,England,THE LEEDS 40K SUPER MAJOR,Adeptus Mancunian,1,
295,Darragh Magee,Adeptus Mancunian,Chaos Knights,Purge the Foe,1386,42460,16,37,1,54,30.6%,Medium,England,The 36 Chambers,Adeptus Mancunian,1,
296,Brian Griffin,"Live, Laugh, Lascannons",Imperial Knights,Priority Assets,1381,42487,2,11,0,13,15.4%,Low,England,THE BRISTOL 40K SUPER MAJOR,,1,"Elo rests on only 13 games, so lightly evidenced."
297,Piers Hunte-Dunne,Adeptus Mancunian,Orks,Disruption,,,,,,,,-,no record,,Adeptus Mancunian,0,No ranked-event record in this database since Feb 2022. Unknown quantity rather than necessarily weak.
298,Sinhin Li,Adeptus Mancunian,Space Marines (Astartes),Take and Hold,,,,,,,,-,no record,,,0,No ranked-event record in this database since Feb 2022. Unknown quantity rather than necessarily weak.
299,Jono Graham,Adeptus Mancunian 1,Death Guard,Disruption,,,,,,,,-,no record,,Adeptus Mancunian,0,No ranked-event record in this database since Feb 2022. Unknown quantity rather than necessarily weak.
300,Peter Guess,Adeptus Mancunian 1,T'au Empire,Priority Assets,,,,,,,,-,no record,,Adeptus Mancunian,0,No ranked-event record in this database since Feb 2022. Unknown quantity rather than necessarily weak.
301,Toby Kan,Adeptus Mancunian 1,Necrons,Take and Hold,,,,,,,,-,no record,,Adeptus Mancunian,0,No ranked-event record in this database since Feb 2022. Unknown quantity rather than necessarily weak.
302,Ben Stewart,BDK Gaming,Necrons,Take and Hold,,,,,,,,-,no record,,BDK Gaming,0,No ranked-event record in this database since Feb 2022. Unknown quantity rather than necessarily weak.
303,Mark Burke,BDK Gaming,Tyranids,Reconnaissance,,,,,,,,-,no record,,BDK Gaming,0,No ranked-event record in this database since Feb 2022. Unknown quantity rather than necessarily weak.
304,Cameron Corbett,Beasts of Buckingham,Space Marines (Astartes),Take and Hold,,,,,,,,-,no record,,Beasts of Buckingham,0,No ranked-event record in this database since Feb 2022. Unknown quantity rather than necessarily weak.
305,Christopher Ives,Beasts of Buckingham,Chaos Knights,Purge the Foe,,,,,,,,-,no record,,Beasts of Buckingham,0,No ranked-event record in this database since Feb 2022. Unknown quantity rather than necessarily weak.
306,Matt Hucker,Beasts of Buckingham,Drukhari,Reconnaissance,,,,,,,,-,no record,,Beasts of Buckingham,0,No ranked-event record in this database since Feb 2022. Unknown quantity rather than necessarily weak.
307,Ryan Willett,Beasts of Buckingham,Astra Militarum,Priority Assets,,,,,,,,-,no record,,Beasts of Buckingham,0,No ranked-event record in this database since Feb 2022. Unknown quantity rather than necessarily weak.
308,Tom Crook,Beasts of Buckingham,Orks,Disruption,,,,,,,,-,no record,,Beasts of Buckingham,0,No ranked-event record in this database since Feb 2022. Unknown quantity rather than necessarily weak.
309,Arran Butters,Blackscar Gaming,Chaos Space Marines,Take and Hold,,,,,,,,-,no record,,Blackscar Gaming,0,No ranked-event record in this database since Feb 2022. Unknown quantity rather than necessarily weak.
310,Alex Nicoll,Blackwater Vikings Silver,Imperial Knights,Purge the Foe,,,,,,,,-,no record,,,0,No ranked-event record in this database since Feb 2022. Unknown quantity rather than necessarily weak.
311,Jack Quantrell,Blackwater Vikings Silver,T'au Empire,Reconnaissance,,,,,,,,-,no record,,Blackwater Vikings,0,No ranked-event record in this database since Feb 2022. Unknown quantity rather than necessarily weak.
312,Robert Quantrell,Blackwater Vikings Silver,Dark Angels,Disruption,,,,,,,,-,no record,,Blackwater Vikings,0,No ranked-event record in this database since Feb 2022. Unknown quantity rather than necessarily weak.
313,Jack Newland,Blackwater Vikings Team Pink,Imperial Knights,Purge the Foe,,,,,,,,-,no record,,Blackwater Vikings,0,No ranked-event record in this database since Feb 2022. Unknown quantity rather than necessarily weak.
314,Callam Taylor-Deighton,Carnage Behemoth,Orks,Take and Hold,,,,,,,,-,no record,,Carnage,0,No ranked-event record in this database since Feb 2022. Unknown quantity rather than necessarily weak.
315,John Bambridge,Codex Creeps,Space Marines (Astartes),Reconnaissance,,,,,,,,-,no record,,B Siders,0,"No ranked-event record in this database since Feb 2022. Unknown quantity rather than necessarily weak. Guest - club is listed as B Siders, not this team."
316,Joe Gazzard,Cooked Green Dice,Imperial Knights,Reconnaissance,,,,,,,,-,no record,,Cooked Green Dice,0,No ranked-event record in this database since Feb 2022. Unknown quantity rather than necessarily weak.
317,Scott Ogden,Cooked Green Dice,Tyranids,Take and Hold,,,,,,,,-,no record,,Cooked Green Dice,0,No ranked-event record in this database since Feb 2022. Unknown quantity rather than necessarily weak.
318,Steve Ashby,Cooked Green Dice,Adeptus Custodes,Disruption,,,,,,,,-,no record,,Cooked Green Dice,0,No ranked-event record in this database since Feb 2022. Unknown quantity rather than necessarily weak.
319,Joe Shaw,Death Korps of Queens Road - Orca Squadron,Grey Knights,Disruption,,,,,,,,-,no record,,Death Korps of Queen's Road,0,No ranked-event record in this database since Feb 2022. Unknown quantity rather than necessarily weak.
320,Aaron Loftus,Finleys Angels,Orks,Take and Hold,,,,,,,,-,no record,,Finley's Angels,0,No ranked-event record in this database since Feb 2022. Unknown quantity rather than necessarily weak.
321,Anton Trussell,Finleys Angels,Adepta Sororitas,Priority Assets,,,,,,,,-,no record,,Finley's Angels,0,No ranked-event record in this database since Feb 2022. Unknown quantity rather than necessarily weak.
322,Finley Arbon-Donovan,Finleys Angels,Chaos Space Marines,Disruption,,,,,,,,-,no record,,Finley's Angels,0,No ranked-event record in this database since Feb 2022. Unknown quantity rather than necessarily weak.
323,Ben Matthews,Hobby Henchmen II,Death Guard,Take and Hold,,,,,,,,-,no record,,,0,No ranked-event record in this database since Feb 2022. Unknown quantity rather than necessarily weak.
324,Cameron MacColl,Hobby Henchmen II,Astra Militarum,Priority Assets,,,,,,,,-,no record,,Hobby Henchmen,0,No ranked-event record in this database since Feb 2022. Unknown quantity rather than necessarily weak.
325,Jack JC Chapman,Krump or Dice Tryin',Grey Knights,Priority Assets,,,,,,,,-,no record,,Krump or Dice Tryin',0,No ranked-event record in this database since Feb 2022. Unknown quantity rather than necessarily weak.
326,Sudan Mcdade,Krump or Dice Tryin' B Team,Space Wolves,Disruption,,,,,,,,-,no record,,Krump or Dice Tryin',0,No ranked-event record in this database since Feb 2022. Unknown quantity rather than necessarily weak.
327,Alex Mee,Live and let dice,Leagues of Votann,Disruption,,,,,,,,-,no record,,,0,No ranked-event record in this database since Feb 2022. Unknown quantity rather than necessarily weak.
328,Jack Allen,Live and let dice,Emperor's Children,Purge the Foe,,,,,,,,-,no record,,,0,No ranked-event record in this database since Feb 2022. Unknown quantity rather than necessarily weak.
329,Lee Drinkall,Live and let dice,Imperial Knights,Take and Hold,,,,,,,,-,no record,,,0,No ranked-event record in this database since Feb 2022. Unknown quantity rather than necessarily weak.
330,Benjamin Crowther,Low Rollers,Orks,Disruption,,,,,,,,-,no record,,[L7],0,No ranked-event record in this database since Feb 2022. Unknown quantity rather than necessarily weak.
331,matthew Doar,Phoenix40K - Outrageous Creatures,Adeptus Custodes,Disruption,,,,,,,,-,no record,,Phoenix 40k,0,No ranked-event record in this database since Feb 2022. Unknown quantity rather than necessarily weak.
332,Tel Hunt,Polaris,Adeptus Custodes,Take and Hold,,,,,,,,-,no record,,Polaris,0,No ranked-event record in this database since Feb 2022. Unknown quantity rather than necessarily weak.
333,Ciaran Keen,Shadowkeepers :: The Chill,Leagues of Votann,Reconnaissance,,,,,,,,-,no record,,Shadowkeepers,0,No ranked-event record in this database since Feb 2022. Unknown quantity rather than necessarily weak.
334,Neil Holman,Snake Eyes,Aeldari,Disruption,,,,,,,,-,no record,,Snake Eyes,0,No ranked-event record in this database since Feb 2022. Unknown quantity rather than necessarily weak.
335,Alexander Thomson,Team YEET,Adeptus Custodes,Disruption,,,,,,,,-,no record,,,0,No ranked-event record in this database since Feb 2022. Unknown quantity rather than necessarily weak.
336,Steve Donn,Team YEET,Imperial Knights,Priority Assets,,,,,,,,-,no record,,South London Legion,0,"No ranked-event record in this database since Feb 2022. Unknown quantity rather than necessarily weak. Guest - club is listed as South London Legion, not this team."
337,Brock Duckworth,The Minutemen 1,Leagues of Votann,Disruption,,,,,,,,-,no record,,Air Force Gaming,0,"No ranked-event record in this database since Feb 2022. Unknown quantity rather than necessarily weak. Guest - club is listed as Air Force Gaming, not this team."
338,Gary Maxwell,The Minutemen 1,T'au Empire,Reconnaissance,,,,,,,,-,no record,,Air Force Gaming,0,"No ranked-event record in this database since Feb 2022. Unknown quantity rather than necessarily weak. Guest - club is listed as Air Force Gaming, not this team."
339,Sean Cook,The Minutemen 1,Blood Angels,Purge the Foe,,,,,,,,-,no record,,Air Force Gaming,0,"No ranked-event record in this database since Feb 2022. Unknown quantity rather than necessarily weak. Guest - club is listed as Air Force Gaming, not this team."
340,Thomas Kusturin,The Minutemen 1,Imperial Knights,Priority Assets,,,,,,,,-,no record,,Air Force Gaming,0,"No ranked-event record in this database since Feb 2022. Unknown quantity rather than necessarily weak. Guest - club is listed as Air Force Gaming, not this team."
341,Blaise Galbraith,The Minutemen 2,Chaos Knights,Reconnaissance,,,,,,,,-,no record,,Air Force Gaming,0,"No ranked-event record in this database since Feb 2022. Unknown quantity rather than necessarily weak. Guest - club is listed as Air Force Gaming, not this team."
342,John Schmidt,The Minutemen 2,Adeptus Custodes,Purge the Foe,,,,,,,,-,no record,,Air Force Gaming,0,"No ranked-event record in this database since Feb 2022. Unknown quantity rather than necessarily weak. Guest - club is listed as Air Force Gaming, not this team."
343,Jonathan Causey,The Minutemen 2,Thousand Sons,Take and Hold,,,,,,,,-,no record,,Air Force Gaming,0,"No ranked-event record in this database since Feb 2022. Unknown quantity rather than necessarily weak. Guest - club is listed as Air Force Gaming, not this team."
344,Michael Westfall,The Minutemen 2,Grey Knights,Priority Assets,,,,,,,,-,no record,,Air Force Gaming,0,"No ranked-event record in this database since Feb 2022. Unknown quantity rather than necessarily weak. Guest - club is listed as Air Force Gaming, not this team."
345,Chong Liu,Tuesday Wizards,Adeptus Custodes,Reconnaissance,,,,,,,,-,no record,,,0,No ranked-event record in this database since Feb 2022. Unknown quantity rather than necessarily weak.
346,Edward Perry,Tuesday Wizards,Grey Knights,Purge the Foe,,,,,,,,-,no record,,,0,No ranked-event record in this database since Feb 2022. Unknown quantity rather than necessarily weak.
347,Andy Ingram-Tedd,Webway Wanderers,Adeptus Mechanicus,Priority Assets,,,,,,,,-,no record,,Webway Wanderers,0,No ranked-event record in this database since Feb 2022. Unknown quantity rather than necessarily weak.
348,Aj Richardson,Wet T-shirt saves,Necrons,Reconnaissance,,,,,,,,-,no record,,Charlie's angels of death,0,"No ranked-event record in this database since Feb 2022. Unknown quantity rather than necessarily weak. Guest - club is listed as Charlie's angels of death, not this team."
349,Albert Wright,Wet T-shirt saves,Astra Militarum,Take and Hold,,,,,,,,-,no record,,Charlie's angels of death,0,"No ranked-event record in this database since Feb 2022. Unknown quantity rather than necessarily weak. Guest - club is listed as Charlie's angels of death, not this team."
350,Hubert Bialek,Wet T-shirt saves,Chaos Space Marines,Purge the Foe,,,,,,,,-,no record,,Charlie's angels of death,0,"No ranked-event record in this database since Feb 2022. Unknown quantity rather than necessarily weak. Guest - club is listed as Charlie's angels of death, not this team."
351,Will Johnson,Wet T-shirt saves,Chaos Daemons,Disruption,,,,,,,,-,no record,,Charlie's angels of death,0,"No ranked-event record in this database since Feb 2022. Unknown quantity rather than necessarily weak. Guest - club is listed as Charlie's angels of death, not this team."
352,Christopher Ridgers,Zero On Primary,Dark Angels,Reconnaissance,,,,,,,,-,no record,,Zero On Primary,0,No ranked-event record in this database since Feb 2022. Unknown quantity rather than necessarily weak.
353,Connor Hulme,Zero On Primary,Chaos Space Marines,Priority Assets,,,,,,,,-,no record,,Zero On Primary,0,No ranked-event record in this database since Feb 2022. Unknown quantity rather than necessarily weak.
354,Max Darby,Zero On Primary,Death Guard,Take and Hold,,,,,,,,-,no record,,Zero On Primary,0,No ranked-event record in this database since Feb 2022. Unknown quantity rather than necessarily weak.
355,Olly Hayter,Zero On Primary,Adeptus Custodes,Purge the Foe,,,,,,,,-,no record,,Zero On Primary,0,No ranked-event record in this database since Feb 2022. Unknown quantity rather than necessarily weak.
